USE [Hero]
GO
SET IDENTITY_INSERT [Divers].[Comics] ON 

INSERT [Divers].[Comics] ([ComicsId], [Nom], [Date]) VALUES (1, N'Berenice', CAST(N'2023-04-22' AS Date))
INSERT [Divers].[Comics] ([ComicsId], [Nom], [Date]) VALUES (2, N'Dalli', CAST(N'2023-03-24' AS Date))
INSERT [Divers].[Comics] ([ComicsId], [Nom], [Date]) VALUES (3, N'Brittne', CAST(N'2023-04-03' AS Date))
INSERT [Divers].[Comics] ([ComicsId], [Nom], [Date]) VALUES (4, N'Currey', CAST(N'2023-09-09' AS Date))
INSERT [Divers].[Comics] ([ComicsId], [Nom], [Date]) VALUES (5, N'Alonso', CAST(N'2023-08-05' AS Date))
INSERT [Divers].[Comics] ([ComicsId], [Nom], [Date]) VALUES (6, N'Zoe', CAST(N'2023-08-26' AS Date))
INSERT [Divers].[Comics] ([ComicsId], [Nom], [Date]) VALUES (7, N'Ashla', CAST(N'2023-03-20' AS Date))
INSERT [Divers].[Comics] ([ComicsId], [Nom], [Date]) VALUES (8, N'Inessa', CAST(N'2023-07-30' AS Date))
INSERT [Divers].[Comics] ([ComicsId], [Nom], [Date]) VALUES (9, N'Hermione', CAST(N'2023-11-03' AS Date))
INSERT [Divers].[Comics] ([ComicsId], [Nom], [Date]) VALUES (10, N'Tarrance', CAST(N'2023-08-12' AS Date))
INSERT [Divers].[Comics] ([ComicsId], [Nom], [Date]) VALUES (11, N'Mollee', CAST(N'2023-09-23' AS Date))
INSERT [Divers].[Comics] ([ComicsId], [Nom], [Date]) VALUES (12, N'Augustin', CAST(N'2023-04-03' AS Date))
INSERT [Divers].[Comics] ([ComicsId], [Nom], [Date]) VALUES (13, N'Myrlene', CAST(N'2023-08-26' AS Date))
INSERT [Divers].[Comics] ([ComicsId], [Nom], [Date]) VALUES (14, N'Keary', CAST(N'2024-02-18' AS Date))
INSERT [Divers].[Comics] ([ComicsId], [Nom], [Date]) VALUES (15, N'Ramon', CAST(N'2023-04-03' AS Date))
INSERT [Divers].[Comics] ([ComicsId], [Nom], [Date]) VALUES (16, N'Willa', CAST(N'2023-09-25' AS Date))
INSERT [Divers].[Comics] ([ComicsId], [Nom], [Date]) VALUES (17, N'Louisa', CAST(N'2023-11-29' AS Date))
INSERT [Divers].[Comics] ([ComicsId], [Nom], [Date]) VALUES (18, N'Rowe', CAST(N'2023-11-26' AS Date))
INSERT [Divers].[Comics] ([ComicsId], [Nom], [Date]) VALUES (19, N'Agace', CAST(N'2023-12-10' AS Date))
INSERT [Divers].[Comics] ([ComicsId], [Nom], [Date]) VALUES (20, N'Guthry', CAST(N'2024-01-04' AS Date))
INSERT [Divers].[Comics] ([ComicsId], [Nom], [Date]) VALUES (21, N'Tamar', CAST(N'2023-05-12' AS Date))
INSERT [Divers].[Comics] ([ComicsId], [Nom], [Date]) VALUES (22, N'Eba', CAST(N'2024-01-25' AS Date))
INSERT [Divers].[Comics] ([ComicsId], [Nom], [Date]) VALUES (23, N'Tab', CAST(N'2023-10-13' AS Date))
INSERT [Divers].[Comics] ([ComicsId], [Nom], [Date]) VALUES (24, N'Caty', CAST(N'2024-01-20' AS Date))
INSERT [Divers].[Comics] ([ComicsId], [Nom], [Date]) VALUES (25, N'Godwin', CAST(N'2023-08-25' AS Date))
INSERT [Divers].[Comics] ([ComicsId], [Nom], [Date]) VALUES (26, N'Laura', CAST(N'2023-11-24' AS Date))
INSERT [Divers].[Comics] ([ComicsId], [Nom], [Date]) VALUES (27, N'Orsola', CAST(N'2023-07-27' AS Date))
INSERT [Divers].[Comics] ([ComicsId], [Nom], [Date]) VALUES (28, N'Craggy', CAST(N'2023-07-27' AS Date))
INSERT [Divers].[Comics] ([ComicsId], [Nom], [Date]) VALUES (29, N'Edmund', CAST(N'2024-02-04' AS Date))
INSERT [Divers].[Comics] ([ComicsId], [Nom], [Date]) VALUES (30, N'Jacobo', CAST(N'2023-06-14' AS Date))
INSERT [Divers].[Comics] ([ComicsId], [Nom], [Date]) VALUES (31, N'Andreas', CAST(N'2023-08-14' AS Date))
INSERT [Divers].[Comics] ([ComicsId], [Nom], [Date]) VALUES (32, N'Scarlett', CAST(N'2023-03-28' AS Date))
INSERT [Divers].[Comics] ([ComicsId], [Nom], [Date]) VALUES (33, N'Ingemar', CAST(N'2023-03-06' AS Date))
INSERT [Divers].[Comics] ([ComicsId], [Nom], [Date]) VALUES (34, N'Dante', CAST(N'2023-07-08' AS Date))
INSERT [Divers].[Comics] ([ComicsId], [Nom], [Date]) VALUES (35, N'Mabel', CAST(N'2023-08-19' AS Date))
INSERT [Divers].[Comics] ([ComicsId], [Nom], [Date]) VALUES (36, N'Tybie', CAST(N'2023-08-17' AS Date))
INSERT [Divers].[Comics] ([ComicsId], [Nom], [Date]) VALUES (37, N'Kris', CAST(N'2023-07-27' AS Date))
INSERT [Divers].[Comics] ([ComicsId], [Nom], [Date]) VALUES (38, N'Audre', CAST(N'2023-02-20' AS Date))
INSERT [Divers].[Comics] ([ComicsId], [Nom], [Date]) VALUES (39, N'Krystyna', CAST(N'2024-01-29' AS Date))
INSERT [Divers].[Comics] ([ComicsId], [Nom], [Date]) VALUES (40, N'Terra', CAST(N'2023-11-19' AS Date))

SET IDENTITY_INSERT [Divers].[Comics] OFF

GO
SET IDENTITY_INSERT [Heros].[Identite] ON;

INSERT [Heros].[Identite] ([IdentiteId], [DateNaissance], [Age]) VALUES
(1, '2023-10-21', 28), (2, '2023-10-26', 47), (3, '2023-10-02', 19),
(4, '2023-03-10', 78), (5, '2023-06-07', 78), (6, '2023-06-06', 69),
(7, '2023-08-14', 72), (8, '2023-03-31', 63), (9, '2023-12-15', 61),
(10, '2023-07-31', 54), (11, '2024-02-01', 78), (12, '2023-09-12', 30),
(13, '2024-01-12', 61), (14, '2023-03-02', 68), (15, '2023-07-02', 55),
(16, '2023-10-06', 77), (17, '2023-07-20', 33), (18, '2023-06-30', 32),
(19, '2023-05-25', 39), (20, '2024-01-03', 29), (21, '2023-03-13', 62),
(22, '2023-03-14', 60), (23, '2023-07-01', 56), (24, '2023-03-27', 59),
(25, '2024-01-19', 79), (26, '2023-04-01', 47), (27, '2023-09-10', 52),
(28, '2023-08-21', 50), (29, '2024-01-17', 53), (30, '2023-05-20', 70),
(31, '2023-08-12', 36), (32, '2024-01-02', 73), (33, '2023-10-30', 27),
(34, '2023-12-02', 37), (35, '2023-12-03', 71), (36, '2023-06-06', 70),
(37, '2023-11-05', 28), (38, '2023-05-12', 73), (39, '2023-06-08', 26),
(40, '2024-02-15', 72);

SET IDENTITY_INSERT [Heros].[Identite] OFF;

GO
SET IDENTITY_INSERT [Heros].[Pouvoir] ON 

INSERT [Heros].[Pouvoir] ([PouvoirId], [Type], [Description]) VALUES (1, N'terre', N'invisibilité')
INSERT [Heros].[Pouvoir] ([PouvoirId], [Type], [Description]) VALUES (2, N'feu', N'téléportation')
INSERT [Heros].[Pouvoir] ([PouvoirId], [Type], [Description]) VALUES (3, N'feu', N'télékinésie')
INSERT [Heros].[Pouvoir] ([PouvoirId], [Type], [Description]) VALUES (4, N'éclair', N'téléportation')
INSERT [Heros].[Pouvoir] ([PouvoirId], [Type], [Description]) VALUES (5, N'feu', N'télékinésie')
INSERT [Heros].[Pouvoir] ([PouvoirId], [Type], [Description]) VALUES (6, N'glace', N'téléportation')
INSERT [Heros].[Pouvoir] ([PouvoirId], [Type], [Description]) VALUES (7, N'feu', N'téléportation')
INSERT [Heros].[Pouvoir] ([PouvoirId], [Type], [Description]) VALUES (8, N'vent', N'invisibilité')
INSERT [Heros].[Pouvoir] ([PouvoirId], [Type], [Description]) VALUES (9, N'terre', N'invisibilité')
INSERT [Heros].[Pouvoir] ([PouvoirId], [Type], [Description]) VALUES (10, N'vent', N'télékinésie')
INSERT [Heros].[Pouvoir] ([PouvoirId], [Type], [Description]) VALUES (11, N'feu', N'guérison rapide')
INSERT [Heros].[Pouvoir] ([PouvoirId], [Type], [Description]) VALUES (12, N'vent', N'invisibilité')
INSERT [Heros].[Pouvoir] ([PouvoirId], [Type], [Description]) VALUES (13, N'vent', N'télékinésie')
INSERT [Heros].[Pouvoir] ([PouvoirId], [Type], [Description]) VALUES (14, N'glace', N'téléportation')
INSERT [Heros].[Pouvoir] ([PouvoirId], [Type], [Description]) VALUES (15, N'glace', N'contrôle mental')
INSERT [Heros].[Pouvoir] ([PouvoirId], [Type], [Description]) VALUES (16, N'feu', N'télékinésie')
INSERT [Heros].[Pouvoir] ([PouvoirId], [Type], [Description]) VALUES (17, N'éclair', N'télékinésie')
INSERT [Heros].[Pouvoir] ([PouvoirId], [Type], [Description]) VALUES (18, N'éclair', N'invisibilité')
INSERT [Heros].[Pouvoir] ([PouvoirId], [Type], [Description]) VALUES (19, N'feu', N'invisibilité')
INSERT [Heros].[Pouvoir] ([PouvoirId], [Type], [Description]) VALUES (20, N'terre', N'invisibilité')
INSERT [Heros].[Pouvoir] ([PouvoirId], [Type], [Description]) VALUES (21, N'feu', N'contrôle mental')
INSERT [Heros].[Pouvoir] ([PouvoirId], [Type], [Description]) VALUES (22, N'vent', N'télékinésie')
INSERT [Heros].[Pouvoir] ([PouvoirId], [Type], [Description]) VALUES (23, N'éclair', N'invisibilité')
INSERT [Heros].[Pouvoir] ([PouvoirId], [Type], [Description]) VALUES (24, N'vent', N'guérison rapide')
INSERT [Heros].[Pouvoir] ([PouvoirId], [Type], [Description]) VALUES (25, N'feu', N'téléportation')
INSERT [Heros].[Pouvoir] ([PouvoirId], [Type], [Description]) VALUES (26, N'glace', N'guérison rapide')
INSERT [Heros].[Pouvoir] ([PouvoirId], [Type], [Description]) VALUES (27, N'vent', N'invisibilité')
INSERT [Heros].[Pouvoir] ([PouvoirId], [Type], [Description]) VALUES (28, N'vent', N'contrôle mental')
INSERT [Heros].[Pouvoir] ([PouvoirId], [Type], [Description]) VALUES (29, N'terre', N'téléportation')
INSERT [Heros].[Pouvoir] ([PouvoirId], [Type], [Description]) VALUES (30, N'éclair', N'invisibilité')
INSERT [Heros].[Pouvoir] ([PouvoirId], [Type], [Description]) VALUES (31, N'feu', N'téléportation')
INSERT [Heros].[Pouvoir] ([PouvoirId], [Type], [Description]) VALUES (32, N'feu', N'télékinésie')
INSERT [Heros].[Pouvoir] ([PouvoirId], [Type], [Description]) VALUES (33, N'vent', N'contrôle mental')
INSERT [Heros].[Pouvoir] ([PouvoirId], [Type], [Description]) VALUES (34, N'glace', N'contrôle mental')
INSERT [Heros].[Pouvoir] ([PouvoirId], [Type], [Description]) VALUES (35, N'éclair', N'guérison rapide')
INSERT [Heros].[Pouvoir] ([PouvoirId], [Type], [Description]) VALUES (36, N'terre', N'contrôle mental')
INSERT [Heros].[Pouvoir] ([PouvoirId], [Type], [Description]) VALUES (37, N'éclair', N'téléportation')
INSERT [Heros].[Pouvoir] ([PouvoirId], [Type], [Description]) VALUES (38, N'éclair', N'guérison rapide')
INSERT [Heros].[Pouvoir] ([PouvoirId], [Type], [Description]) VALUES (39, N'glace', N'contrôle mental')
INSERT [Heros].[Pouvoir] ([PouvoirId], [Type], [Description]) VALUES (40, N'glace', N'guérison rapide')
SET IDENTITY_INSERT [Heros].[Pouvoir] OFF
GO
SET IDENTITY_INSERT [Heros].[Hero] ON 

INSERT [Heros].[Hero] ([HeroId], [Nom], [PouvoirId], [IdentiteId]) VALUES (1, N'Harmony', 1, 1)
INSERT [Heros].[Hero] ([HeroId], [Nom], [PouvoirId], [IdentiteId]) VALUES (2, N'Hynda', 2, 2)
INSERT [Heros].[Hero] ([HeroId], [Nom], [PouvoirId], [IdentiteId]) VALUES (3, N'Rex', 3, 3)
INSERT [Heros].[Hero] ([HeroId], [Nom], [PouvoirId], [IdentiteId]) VALUES (4, N'Othilia', 4, 4)
INSERT [Heros].[Hero] ([HeroId], [Nom], [PouvoirId], [IdentiteId]) VALUES (5, N'Salmon', 5, 5)
INSERT [Heros].[Hero] ([HeroId], [Nom], [PouvoirId], [IdentiteId]) VALUES (6, N'Olivier', 6, 6)
INSERT [Heros].[Hero] ([HeroId], [Nom], [PouvoirId], [IdentiteId]) VALUES (7, N'Ernesta', 7, 7)
INSERT [Heros].[Hero] ([HeroId], [Nom], [PouvoirId], [IdentiteId]) VALUES (8, N'Seka', 8, 8)
INSERT [Heros].[Hero] ([HeroId], [Nom], [PouvoirId], [IdentiteId]) VALUES (9, N'Ellery', 9, 9)
INSERT [Heros].[Hero] ([HeroId], [Nom], [PouvoirId], [IdentiteId]) VALUES (10, N'Jaymie', 10, 10)
INSERT [Heros].[Hero] ([HeroId], [Nom], [PouvoirId], [IdentiteId]) VALUES (11, N'Barbabra', 11, 11)
INSERT [Heros].[Hero] ([HeroId], [Nom], [PouvoirId], [IdentiteId]) VALUES (12, N'Adrianna', 12, 12)
INSERT [Heros].[Hero] ([HeroId], [Nom], [PouvoirId], [IdentiteId]) VALUES (13, N'Deloria', 13, 13)
INSERT [Heros].[Hero] ([HeroId], [Nom], [PouvoirId], [IdentiteId]) VALUES (14, N'Gilberta', 14, 14)
INSERT [Heros].[Hero] ([HeroId], [Nom], [PouvoirId], [IdentiteId]) VALUES (15, N'Stavro', 15, 15)
INSERT [Heros].[Hero] ([HeroId], [Nom], [PouvoirId], [IdentiteId]) VALUES (16, N'Adelbert', 16, 16)
INSERT [Heros].[Hero] ([HeroId], [Nom], [PouvoirId], [IdentiteId]) VALUES (17, N'Nomi', 17, 17)
INSERT [Heros].[Hero] ([HeroId], [Nom], [PouvoirId], [IdentiteId]) VALUES (18, N'Skip', 18, 18)
INSERT [Heros].[Hero] ([HeroId], [Nom], [PouvoirId], [IdentiteId]) VALUES (19, N'Donnie', 19, 19)
INSERT [Heros].[Hero] ([HeroId], [Nom], [PouvoirId], [IdentiteId]) VALUES (20, N'Elfreda', 20, 20)
INSERT [Heros].[Hero] ([HeroId], [Nom], [PouvoirId], [IdentiteId]) VALUES (21, N'Linn', 21, 21)
INSERT [Heros].[Hero] ([HeroId], [Nom], [PouvoirId], [IdentiteId]) VALUES (22, N'Dorrie', 22, 22)
INSERT [Heros].[Hero] ([HeroId], [Nom], [PouvoirId], [IdentiteId]) VALUES (23, N'Kynthia', 23, 23)
INSERT [Heros].[Hero] ([HeroId], [Nom], [PouvoirId], [IdentiteId]) VALUES (24, N'Lawrence', 24, 24)
INSERT [Heros].[Hero] ([HeroId], [Nom], [PouvoirId], [IdentiteId]) VALUES (25, N'Mallory', 25, 25)
INSERT [Heros].[Hero] ([HeroId], [Nom], [PouvoirId], [IdentiteId]) VALUES (26, N'Athene', 26, 26)
INSERT [Heros].[Hero] ([HeroId], [Nom], [PouvoirId], [IdentiteId]) VALUES (27, N'Pooh', 27, 27)
INSERT [Heros].[Hero] ([HeroId], [Nom], [PouvoirId], [IdentiteId]) VALUES (28, N'Gardie', 28, 28)
INSERT [Heros].[Hero] ([HeroId], [Nom], [PouvoirId], [IdentiteId]) VALUES (29, N'Frieda', 29, 29)
INSERT [Heros].[Hero] ([HeroId], [Nom], [PouvoirId], [IdentiteId]) VALUES (30, N'Alexandr', 30, 30)
INSERT [Heros].[Hero] ([HeroId], [Nom], [PouvoirId], [IdentiteId]) VALUES (31, N'Hurleigh', 31, 31)
INSERT [Heros].[Hero] ([HeroId], [Nom], [PouvoirId], [IdentiteId]) VALUES (32, N'Linnie', 32, 32)
INSERT [Heros].[Hero] ([HeroId], [Nom], [PouvoirId], [IdentiteId]) VALUES (33, N'Mortimer', 33, 33)
INSERT [Heros].[Hero] ([HeroId], [Nom], [PouvoirId], [IdentiteId]) VALUES (34, N'Dare', 34, 34)
INSERT [Heros].[Hero] ([HeroId], [Nom], [PouvoirId], [IdentiteId]) VALUES (35, N'Shirlene', 35, 35)
INSERT [Heros].[Hero] ([HeroId], [Nom], [PouvoirId], [IdentiteId]) VALUES (36, N'Ara', 36, 36)
INSERT [Heros].[Hero] ([HeroId], [Nom], [PouvoirId], [IdentiteId]) VALUES (37, N'Zorana', 37, 37)
INSERT [Heros].[Hero] ([HeroId], [Nom], [PouvoirId], [IdentiteId]) VALUES (38, N'Warner', 38, 38)
INSERT [Heros].[Hero] ([HeroId], [Nom], [PouvoirId], [IdentiteId]) VALUES (39, N'Theadora', 39, 39)
INSERT [Heros].[Hero] ([HeroId], [Nom], [PouvoirId], [IdentiteId]) VALUES (40, N'King', 40, 40)
SET IDENTITY_INSERT [Heros].[Hero] OFF
GO
INSERT [Heros].[ComicsHero] ([ComicsId], [HeroId]) VALUES (1, 1)
INSERT [Heros].[ComicsHero] ([ComicsId], [HeroId]) VALUES (2, 2)
INSERT [Heros].[ComicsHero] ([ComicsId], [HeroId]) VALUES (3, 3)
INSERT [Heros].[ComicsHero] ([ComicsId], [HeroId]) VALUES (4, 4)
INSERT [Heros].[ComicsHero] ([ComicsId], [HeroId]) VALUES (5, 5)
INSERT [Heros].[ComicsHero] ([ComicsId], [HeroId]) VALUES (6, 6)
INSERT [Heros].[ComicsHero] ([ComicsId], [HeroId]) VALUES (7, 7)
INSERT [Heros].[ComicsHero] ([ComicsId], [HeroId]) VALUES (8, 8)
INSERT [Heros].[ComicsHero] ([ComicsId], [HeroId]) VALUES (9, 9)
INSERT [Heros].[ComicsHero] ([ComicsId], [HeroId]) VALUES (10, 10)
INSERT [Heros].[ComicsHero] ([ComicsId], [HeroId]) VALUES (11, 11)
INSERT [Heros].[ComicsHero] ([ComicsId], [HeroId]) VALUES (12, 12)
INSERT [Heros].[ComicsHero] ([ComicsId], [HeroId]) VALUES (13, 13)
INSERT [Heros].[ComicsHero] ([ComicsId], [HeroId]) VALUES (14, 14)
INSERT [Heros].[ComicsHero] ([ComicsId], [HeroId]) VALUES (15, 15)
INSERT [Heros].[ComicsHero] ([ComicsId], [HeroId]) VALUES (16, 16)
INSERT [Heros].[ComicsHero] ([ComicsId], [HeroId]) VALUES (17, 17)
INSERT [Heros].[ComicsHero] ([ComicsId], [HeroId]) VALUES (18, 18)
INSERT [Heros].[ComicsHero] ([ComicsId], [HeroId]) VALUES (19, 19)
INSERT [Heros].[ComicsHero] ([ComicsId], [HeroId]) VALUES (20, 20)
INSERT [Heros].[ComicsHero] ([ComicsId], [HeroId]) VALUES (21, 21)
INSERT [Heros].[ComicsHero] ([ComicsId], [HeroId]) VALUES (22, 22)
INSERT [Heros].[ComicsHero] ([ComicsId], [HeroId]) VALUES (23, 23)
INSERT [Heros].[ComicsHero] ([ComicsId], [HeroId]) VALUES (24, 24)
INSERT [Heros].[ComicsHero] ([ComicsId], [HeroId]) VALUES (25, 25)
INSERT [Heros].[ComicsHero] ([ComicsId], [HeroId]) VALUES (26, 26)
INSERT [Heros].[ComicsHero] ([ComicsId], [HeroId]) VALUES (27, 27)
INSERT [Heros].[ComicsHero] ([ComicsId], [HeroId]) VALUES (28, 28)
INSERT [Heros].[ComicsHero] ([ComicsId], [HeroId]) VALUES (29, 29)
INSERT [Heros].[ComicsHero] ([ComicsId], [HeroId]) VALUES (30, 30)
INSERT [Heros].[ComicsHero] ([ComicsId], [HeroId]) VALUES (31, 31)
INSERT [Heros].[ComicsHero] ([ComicsId], [HeroId]) VALUES (32, 32)
INSERT [Heros].[ComicsHero] ([ComicsId], [HeroId]) VALUES (33, 33)
INSERT [Heros].[ComicsHero] ([ComicsId], [HeroId]) VALUES (34, 34)
INSERT [Heros].[ComicsHero] ([ComicsId], [HeroId]) VALUES (35, 35)
INSERT [Heros].[ComicsHero] ([ComicsId], [HeroId]) VALUES (36, 36)
INSERT [Heros].[ComicsHero] ([ComicsId], [HeroId]) VALUES (37, 37)
INSERT [Heros].[ComicsHero] ([ComicsId], [HeroId]) VALUES (38, 38)
INSERT [Heros].[ComicsHero] ([ComicsId], [HeroId]) VALUES (39, 39)
INSERT [Heros].[ComicsHero] ([ComicsId], [HeroId]) VALUES (40, 40)
GO
SET IDENTITY_INSERT [Divers].[Duo] ON 

INSERT [Divers].[Duo] ([EquipeId], [Nom], [Hero1Id], [Hero2Id]) VALUES (1, N'Heroic Legends', 1, 1)
INSERT [Divers].[Duo] ([EquipeId], [Nom], [Hero1Id], [Hero2Id]) VALUES (2, N'Epic Guardians', 2, 2)
INSERT [Divers].[Duo] ([EquipeId], [Nom], [Hero1Id], [Hero2Id]) VALUES (3, N'Epic Guardians', 3, 3)
INSERT [Divers].[Duo] ([EquipeId], [Nom], [Hero1Id], [Hero2Id]) VALUES (4, N'Epic Guardians', 4, 4)
INSERT [Divers].[Duo] ([EquipeId], [Nom], [Hero1Id], [Hero2Id]) VALUES (5, N'Power Titans', 5, 5)
INSERT [Divers].[Duo] ([EquipeId], [Nom], [Hero1Id], [Hero2Id]) VALUES (6, N'Super Strikers', 6, 6)
INSERT [Divers].[Duo] ([EquipeId], [Nom], [Hero1Id], [Hero2Id]) VALUES (7, N'Heroic Legends', 7, 7)
INSERT [Divers].[Duo] ([EquipeId], [Nom], [Hero1Id], [Hero2Id]) VALUES (8, N'Mighty Avengers', 8, 8)
INSERT [Divers].[Duo] ([EquipeId], [Nom], [Hero1Id], [Hero2Id]) VALUES (9, N'Super Strikers', 9, 9)
INSERT [Divers].[Duo] ([EquipeId], [Nom], [Hero1Id], [Hero2Id]) VALUES (10, N'Epic Guardians', 10, 10)
INSERT [Divers].[Duo] ([EquipeId], [Nom], [Hero1Id], [Hero2Id]) VALUES (11, N'Super Strikers', 11, 11)
INSERT [Divers].[Duo] ([EquipeId], [Nom], [Hero1Id], [Hero2Id]) VALUES (12, N'Heroic Legends', 12, 12)
INSERT [Divers].[Duo] ([EquipeId], [Nom], [Hero1Id], [Hero2Id]) VALUES (13, N'Power Titans', 13, 13)
INSERT [Divers].[Duo] ([EquipeId], [Nom], [Hero1Id], [Hero2Id]) VALUES (14, N'Super Strikers', 14, 14)
INSERT [Divers].[Duo] ([EquipeId], [Nom], [Hero1Id], [Hero2Id]) VALUES (15, N'Epic Guardians', 15, 15)
INSERT [Divers].[Duo] ([EquipeId], [Nom], [Hero1Id], [Hero2Id]) VALUES (16, N'Mighty Avengers', 16, 16)
INSERT [Divers].[Duo] ([EquipeId], [Nom], [Hero1Id], [Hero2Id]) VALUES (17, N'Power Titans', 17, 17)
INSERT [Divers].[Duo] ([EquipeId], [Nom], [Hero1Id], [Hero2Id]) VALUES (18, N'Power Titans', 18, 18)
INSERT [Divers].[Duo] ([EquipeId], [Nom], [Hero1Id], [Hero2Id]) VALUES (19, N'Mighty Avengers', 19, 19)
INSERT [Divers].[Duo] ([EquipeId], [Nom], [Hero1Id], [Hero2Id]) VALUES (20, N'Mighty Avengers', 20, 20)
INSERT [Divers].[Duo] ([EquipeId], [Nom], [Hero1Id], [Hero2Id]) VALUES (21, N'Super Strikers', 21, 21)
INSERT [Divers].[Duo] ([EquipeId], [Nom], [Hero1Id], [Hero2Id]) VALUES (22, N'Heroic Legends', 22, 22)
INSERT [Divers].[Duo] ([EquipeId], [Nom], [Hero1Id], [Hero2Id]) VALUES (23, N'Power Titans', 23, 23)
INSERT [Divers].[Duo] ([EquipeId], [Nom], [Hero1Id], [Hero2Id]) VALUES (24, N'Power Titans', 24, 24)
INSERT [Divers].[Duo] ([EquipeId], [Nom], [Hero1Id], [Hero2Id]) VALUES (25, N'Super Strikers', 25, 25)
INSERT [Divers].[Duo] ([EquipeId], [Nom], [Hero1Id], [Hero2Id]) VALUES (26, N'Epic Guardians', 26, 26)
INSERT [Divers].[Duo] ([EquipeId], [Nom], [Hero1Id], [Hero2Id]) VALUES (27, N'Heroic Legends', 27, 27)
INSERT [Divers].[Duo] ([EquipeId], [Nom], [Hero1Id], [Hero2Id]) VALUES (28, N'Heroic Legends', 28, 28)
INSERT [Divers].[Duo] ([EquipeId], [Nom], [Hero1Id], [Hero2Id]) VALUES (29, N'Epic Guardians', 29, 29)
INSERT [Divers].[Duo] ([EquipeId], [Nom], [Hero1Id], [Hero2Id]) VALUES (30, N'Heroic Legends', 30, 30)
INSERT [Divers].[Duo] ([EquipeId], [Nom], [Hero1Id], [Hero2Id]) VALUES (31, N'Super Strikers', 31, 31)
INSERT [Divers].[Duo] ([EquipeId], [Nom], [Hero1Id], [Hero2Id]) VALUES (32, N'Super Strikers', 32, 32)
INSERT [Divers].[Duo] ([EquipeId], [Nom], [Hero1Id], [Hero2Id]) VALUES (33, N'Epic Guardians', 33, 33)
INSERT [Divers].[Duo] ([EquipeId], [Nom], [Hero1Id], [Hero2Id]) VALUES (34, N'Power Titans', 34, 34)
INSERT [Divers].[Duo] ([EquipeId], [Nom], [Hero1Id], [Hero2Id]) VALUES (35, N'Super Strikers', 35, 35)
INSERT [Divers].[Duo] ([EquipeId], [Nom], [Hero1Id], [Hero2Id]) VALUES (36, N'Mighty Avengers', 36, 36)
INSERT [Divers].[Duo] ([EquipeId], [Nom], [Hero1Id], [Hero2Id]) VALUES (37, N'Super Strikers', 37, 37)
INSERT [Divers].[Duo] ([EquipeId], [Nom], [Hero1Id], [Hero2Id]) VALUES (38, N'Super Strikers', 38, 38)
INSERT [Divers].[Duo] ([EquipeId], [Nom], [Hero1Id], [Hero2Id]) VALUES (39, N'Power Titans', 39, 39)
INSERT [Divers].[Duo] ([EquipeId], [Nom], [Hero1Id], [Hero2Id]) VALUES (40, N'Mighty Avengers', 40, 40)

SET IDENTITY_INSERT [Divers].[Duo] OFF

GO